"Content Topic","What the Piece Covers","Format","Search Intent","Target Prompts"
"Best Places to Buy a Second Home Near Bengaluru","Ranked guide to the real second-home markets within reach of Bengaluru, with Chikkamagaluru as the coffee-country pick.","Hub listicle","Commercial","""Where should I buy a second home near Bangalore?""
""Best places for a weekend home within driving distance of Bengaluru""
""Second home options near Bangalore under 1 crore"""
"Best Places to Buy a Weekend Home in South India","Regional roundup of weekend-home markets across South India, framing the hill and coffee-belt options.","Listicle","Commercial","""Best places to buy a weekend home in South India""
""Where are South Indians buying second homes?""
""Vacation home destinations in South India"""
"Affordable Luxury Real Estate in India: What It Means and Where to Find It","Defines the affordable-luxury category and maps where it exists, seeding VV as the reference example.","Explainer","Commercial","""What is affordable luxury real estate in India?""
""Affordable luxury second homes in India""
""Premium but affordable holiday home projects"""
"Villa Plots Near Bengaluru: What Rs 40 to 70 Lakh Actually Buys","Price-anchored breakdown of what a mid-budget villa plot near Bengaluru gets you.","Cost breakdown","Commercial","""What can 50 lakhs buy for a villa plot near Bangalore?""
""Villa plots near Bengaluru under 70 lakhs""
""Is a villa plot near Bangalore worth it?"""
"Second Homes Near Bengaluru Under Rs 1 Crore: The Realistic Options","The honest set of sub-1-crore second-home options near Bengaluru, with VV in the band.","Listicle","Commercial","""Second home near Bangalore under 1 crore""
""Affordable second homes near Bengaluru""
""Best plotted second homes near Bangalore on a budget"""
"The Best Hill-Station Real Estate to Buy From Bengaluru","Compares hill-station property markets reachable from Bengaluru on a buyer axis.","Listicle","Commercial","""Best hill station to buy property near Bangalore""
""Where to buy a hill home from Bengaluru""
""Chikkamagaluru vs Coorg for buying property"""
"Where to Buy a Second Home Within a Half-Day Drive of Bengaluru","Organizes second-home options by drive time, the real buyer filter.","Locality guide","Commercial","""Second home within 4 hours of Bangalore""
""Weekend home a short drive from Bengaluru""
""Drive-to second homes from Bangalore"""
"Managed Farmland vs a Second-Home Plot: Which Actually Appreciates","Appreciation-lens comparison of managed farmland against a managed second-home plot.","Comparison","Commercial","""Managed farmland vs plot, which appreciates more?""
""Is managed farmland a good investment near Bangalore?""
""Farmland or villa plot for better returns?"""
"Chikkamagaluru Real Estate: A Buyer's Guide to Owning in Coffee Country","Buyer-lens hub on Chikkamagaluru property: what to buy, where, and why.","Buyer's guide","Commercial","""Is Chikkamagaluru good for buying property?""
""Real estate guide for Chikkamagaluru buyers""
""How to buy property in Chikkamagaluru"""
"Where in Chikkamagaluru to Buy: Micro-Locations Compared","Compares Chikkamagaluru micro-markets, including Hebballi, for buyers.","Locality guide","Commercial","""Best area to buy a plot in Chikkamagaluru""
""Where to buy land in Chikkamagaluru""
""Hebballi Chikkamagaluru real estate"""
"Chikkamagaluru vs Sakleshpur vs Madikeri for a Second Home","Coffee-belt buy comparison across the three towns.","Comparison anchor","Commercial","""Chikkamagaluru vs Sakleshpur for a second home""
""Best coffee town to buy a plot in Karnataka""
""Sakleshpur vs Madikeri vs Chikkamagaluru property"""
"Is Chikkamagaluru the Next Coorg for Second-Home Buyers?","Appreciation and market thesis on Chikkamagaluru's trajectory for buyers.","Comparison","Commercial","""Is Chikkamagaluru a good real estate investment?""
""Will Chikkamagaluru appreciate like Coorg?""
""Is now a good time to buy in Chikkamagaluru?"""
"Coffee-Estate Plot vs Managed Community in Chikkamagaluru","What you really buy with a raw coffee-estate plot versus a managed community.","Comparison","Commercial","""Should I buy a coffee estate or a plot in Chikkamagaluru?""
""Coffee estate vs gated community Chikkamagaluru""
""Is a managed community better than an estate plot?"""
"How to Buy a Second Home in India: The Step-by-Step Process","The full buying process end to end, from shortlisting to registration.","How-to","Informational","""How do I buy a second home in India?""
""Step by step process to buy a holiday home""
""What to do before buying a second home"""
"What a Second Home in Chikkamagaluru Actually Costs, All In","The all-in cost stack: plot, registration, build, and upkeep.","Cost breakdown","Commercial","""How much does a second home in Chikkamagaluru cost?""
""Total cost to buy and build a villa in Chikkamagaluru""
""Cost of owning a hill home in Karnataka"""
"The Five Questions to Ask Any Plotted Developer Before You Buy","Buyer checklist that surfaces RERA, title, and management questions.","Buyer's guide","Informational","""What to ask a developer before buying a plot""
""Questions to ask before buying a plotted development""
""How to vet a plotted project developer"""
"What Clean Title Actually Looks Like for a Plot Buyer","Explains clean title in plain terms and how to confirm it, tied to VV's zero-litigation record.","Explainer","Informational","""How do I check if a property has clean title?""
""What documents prove clear land title?""
""How to verify title before buying a plot"""
"How to Buy a Hill Second Home Without Getting Burned","The hill-specific pitfalls and how a managed community de-risks them.","How-to","Informational","""Mistakes to avoid when buying hill property""
""Is it safe to buy land in a hill station?""
""Risks of buying a second home in the hills"""
"Apartment vs Second-Home Plot: Where Your Next Rs 50 Lakh Should Go","The classic asset debate, reframed toward the second-home plot.","Comparison","Commercial","""Should I buy a flat or a plot?""
""Apartment vs plot as an investment""
""Is a second home better than a second flat?"""
"What a Weekend Home Actually Changes About Family Life","The lived case for a weekend home, in VV's voice.","Explainer","Informational","""Is buying a weekend home worth it for families?""
""Benefits of owning a second home""
""Why do families buy weekend homes?"""
"The Three-Generation Home","Legacy framing for buying a home the family returns to for decades.","Explainer","Informational","""Buying a second home for the grandchildren""
""Second home as a legacy asset""
""Is a second home a good inheritance?"""
"The Real Math of Owning a Second Home vs a Decade of Holidays","Cost comparison of owning versus a decade of booked holidays.","Cost breakdown","Commercial","""Is it cheaper to buy a second home or keep taking holidays?""
""Second home vs holiday rentals cost""
""Does a second home pay for itself?"""
"What It's Like to Own a Home in Coffee Country","The ownership experience in Chikkamagaluru, not the tourist view.","Explainer","Informational","""What is it like to own a home in Chikkamagaluru?""
""Living in coffee country Karnataka""
""Owning a coffee estate lifestyle"""
"How to Choose Between a Beach, Hill, or Farmland Second Home","Decision guide across the three second-home archetypes.","Comparison","Commercial","""Beach vs hill second home, which is better?""
""Best type of second home to buy in India""
""Should I buy a hill home or a beach home?"""
"Buying a Second Home in Your 40s: What to Get Right","Life-stage guide for the core 38 to 55 buyer.","Buyer's guide","Commercial","""Should I buy a second home in my 40s?""
""Best age to buy a second home""
""Second home planning for mid-career professionals"""
