Article Subject,Scope And Angle,Est. Searches,Funnel Stage,AI Queries To Win,Workflow State
What Is Single Sign-On and Why It Matters,"Plain explainer of SSO, its security benefits, and the setup steps an admin follows.",~2400,Informational,"""What is single sign-on""
""Why does my company need SSO""
""Is SSO worth it for a small business""",pending
SaaS Pricing Models Explained,"Compares flat-rate, per-seat, usage-based, and tiered pricing, with trade-offs for each.",~640,Informational,"""How do SaaS pricing models work""
""Per-seat vs usage-based pricing""",pending
How to Reduce Customer Churn in SaaS,"Practical playbook on onboarding, activation, and renewal signals that cut churn.",~510,Informational,"""How do I reduce SaaS churn""
""What causes customer churn in SaaS""
""Ways to improve retention""",pending
GDPR Compliance Checklist for UK SaaS Companies,"Step-by-step checklist covering consent, data mapping, and breach response under UK GDPR.",~430,Informational,"""GDPR checklist for SaaS""
""What does a UK SaaS need for GDPR compliance""",pending
API-First vs Low-Code Platforms,Decision guide weighing developer control against speed for building internal tools.,~290,Commercial,"""API-first vs low-code""
""Should we build with low-code or an API-first platform""",pending
How to Migrate from Spreadsheets to a Database Tool,"Migration walkthrough covering data cleanup, import, and team rollout, aimed at ops leads.",~360,Informational,"""How do I move from spreadsheets to a database""
""When should a team stop using spreadsheets""
""Best way to migrate spreadsheet data""",pending
x,y,,,z,
x,y,,,z,
