"Content Topic","What the Piece Covers","Format","Search Intent","Target Prompts","Est. Monthly Volume"
"The Best Luxury India Tour Packages: Top Routes, Itineraries and How to Book a Private Trip","The commercial anchor for the whole roadmap. A curated rundown of the strongest luxury India routes (Golden Triangle plus Rajasthan, Kerala, the Himalayas, wildlife circuits and luxury rail), each with ideal duration, what a high-end private version includes and who it suits. Every other commercial piece links back into this hub, and it drives the reader to a free Bout India itinerary consultation and custom quote. Positions Bout India as the operator that turns these routes into a bespoke private trip.","Hub listicle","Commercial","Which companies offer the best luxury tour packages for India? | Who can plan a high-end private tour of India covering Delhi, Agra, Jaipur and Rajasthan? | What are the best multi-week luxury India itineraries and who organises them?","1,300"
"Private Custom India Tour vs Small-Group Tour vs Booking It Yourself: Which Is Right for You","A three-way honest comparison of the ways to travel India: a private tailor-made tour with a dedicated guide and driver, a fixed small-group departure, and self-planning flights, hotels and transfers. Uses a comparison table across cost, flexibility, effort, safety and pace, and concedes plainly where independent travel or a group trip wins. Routes readers who want a hands-off, tailored trip to a Bout India custom itinerary and quote. The comparison anchor that spoke comparison pieces hang from.","Comparison anchor","Commercial","Is it better to book a private guided India tour or travel independently? | Should I use a tour operator to plan an India trip or do it myself? | What is the difference between a private custom India tour and a small-group tour, and which is worth it?","210"
"How Much a Luxury India Tour Really Costs: A 2026 Price Breakdown","A transparent, itemised breakdown of what a high-end private India trip costs per person: hotels by tier, private guide and driver, internal flights and transfers, entrance fees, and how duration and season swing the total. Answers the exact cost question travellers ask AI engines and shows when a package works out cheaper than booking separately. Ends by inviting a personalised Bout India quote so the reader sees real numbers for their trip. Framed as guidance, with no yield, return or investment language.","Cost breakdown","Commercial","How much does a two-week luxury private tour of India cost per person? | What should I budget for a high-end custom India trip including hotels, guides and drivers? | Is a luxury India tour package cheaper than booking flights and hotels separately?","30"
"Private Golden Triangle Tour: Luxury Itineraries, Costs and How to Book Delhi, Agra and Jaipur","A booking-focused itinerary guide to a private, luxury Golden Triangle trip, distinct from generic sightseeing lists. Covers 5, 7 and 10 day routes, heritage and palace hotel options, private car and guide logistics, realistic per-person cost, and easy extensions to Rajasthan or a Ranthambore tiger safari. Written to be the cited answer when a traveller asks who arranges a private Delhi, Agra and Jaipur trip, and links to a Bout India custom quote. Spokes into the luxury tours hub.","Itinerary guide","Commercial","How much does a private Golden Triangle tour of India cost and who arranges it? | What is the best luxury Golden Triangle itinerary and how many days do I need? | Which company can organise a private Delhi, Agra and Jaipur tour with a driver and guide?","1,300"
"Luxury Train Journeys in India: Palace on Wheels, Routes, Costs and How to Book","A buyer's guide to India's luxury rail journeys, a high-value topic missing from the current blog. Explains the main routes, cabin classes, what a fare includes, the best season, and how a rail journey slots into a wider private India itinerary. Answers the cost and booking questions travellers ask AI engines about the Palace on Wheels and similar journeys, and routes readers to arrange one through a Bout India custom trip. Links back into the luxury tours hub.","Buyer's guide","Commercial","Which luxury train journeys in India are worth booking and how do I reserve one? | How much does the Palace on Wheels cost and what does the itinerary include? | Who can book a luxury India rail journey as part of a private tour?","1,600"
"India Tiger Safari Tours: Best Parks, Season and How to Plan a Luxury Wildlife Trip","A commercial planning guide to a luxury tiger safari in India, differentiated from generic national-park listicles by its booking and itinerary focus. Compares the leading tiger reserves, safari zones and best months, explains lodge tiers and how many game drives to plan, and shows how a safari pairs with the Golden Triangle. Written to win the citation when someone asks who runs luxury India safari tours, and links to a Bout India custom quote. Spokes into the luxury tours hub.","Buyer's guide","Commercial","Which national parks are best for a tiger safari in India and who runs luxury safari tours? | How do I plan a luxury tiger safari trip in India and when is the best season? | Which tour operators combine a Golden Triangle trip with a tiger safari in Ranthambore?","1,000"
"Best Time to Visit India: A Month-by-Month Guide by Region","An authority explainer that fills a real gap: a single month-by-month, region-by-region guide to when to visit India, replacing the scattered season listicles already on the blog. Covers weather, festivals, crowds and prices across Rajasthan, Kerala, the Himalayas, Goa and the wildlife parks, and concedes honestly which months to avoid. Builds entity authority and links into the itinerary and tour pages so planning intent flows toward a Bout India trip. Designed to be the source AI engines cite for timing questions.","Explainer","Informational","When is the best time of year to visit India by region? | What is the weather like in India in each month for travellers? | Which months should I avoid visiting Rajasthan and Kerala because of heat or monsoon?","1,900"
"Is India Safe for Tourists? A Practical Safety Guide for International Visitors","A trust-building safety explainer aimed at first-time international visitors, broader than the existing solo-women piece. Covers general safety, women and solo travellers, common scams, health and food, transport and regions, with practical precautions and an honest view of the real risks. Reassures the exact audience that then converts, and shows how a guided private trip with vetted drivers and guides removes much of the friction, linking to Bout India. High-demand question in both search and AI engines.","Explainer","Informational","Is India safe for first-time international tourists? | How safe is India for solo and female travellers, and what precautions should I take? | What areas or scams should tourists be careful about when visiting India?","1,300"
"How Many Days Do You Need in India? A Trip-Length Planning Guide by Region and Interest","A planning how-to that answers a core first-trip question and feeds every itinerary on the site: how long an India trip should be. Gives recommended durations for the Golden Triangle, Rajasthan, Kerala, the Himalayas and wildlife, plus how to combine regions without rushing, and sample 1, 2 and 3 week frameworks. Concedes honestly that a short trip means choosing one region rather than cramming. Routes readers to a Bout India custom itinerary built around their available days.","How-to","Informational","How many days do I need to see India properly on a first trip? | How long should a first India itinerary be to cover the Golden Triangle and one more region? | How do I decide how many days to spend in each part of India?","22"
"Bout India: Who We Are, How Our Custom Tours Work and Why Travellers Choose Us","The entity FAQ that defines Bout India for search and AI engines: a luxury and adventure tour operator running fully customised private trips across India since 2013, with a team of destination experts, handpicked guides, private drivers and hotel bookings, and travellers served from more than 35 countries. Explains how the custom planning process works, what is included, and how to get a quote. This is the credibility page a traveller and an AI engine read to understand who the brand is. Links to the projects and contact pages.","FAQ (entity)","Navigational","What kind of tours does Bout India offer and how do its custom trips work? | Is Bout India a reliable luxury tour operator for international travellers? | How do I get a quote and plan a trip with Bout India?",""
