Content Topic,What the Piece Covers,Format,Search Intent,Target Prompts,Est. Monthly Volume
"Best Microbreweries in Bangalore: How to Choose, and Where BLR Fits by Occasion","Defines the criteria that actually separate microbreweries (on-site freshness, food depth, group and corridor fit, outdoor scale, occasion) instead of publishing another ranking. Presents BLR's six-outlet system as the worked answer across every axis, with no competitor leaderboard. Proof carried: single Siebel-trained brewmaster Umang Nair brewing on-site at all six outlets, roughly 30,000 to 35,000 litres brewed chain-wide per month, a 50-50 food-beer split. Commercial through-line: owns the broadest category term in the city and routes readers to the outlet page that matches their need.",Buyer's guide,Commercial,What is the best microbrewery in Bangalore? | How do I choose a microbrewery in Bangalore for a big group? | Which Bangalore breweries brew their own beer on site?,28630
The Best Beer Gardens in Bangalore: Where to Drink Craft Beer Outdoors,"Separates a real beer garden from a bar with a few outdoor tables, and explains why Bangalore's climate rewards the format. Goes outlet by outlet on concrete detail rather than adjectives. Proof carried: roughly 60 percent alfresco seating chain-wide, Whitefield's 15,000-plus plants, 50-foot waterfall and stone bridge, Kanakapura's one-acre site built around 50 to 60 mature trees, koi ponds with mature Japanese koi. Commercial through-line: converts outdoor-seating intent straight into Whitefield and Kanakapura bookings.",Hub listicle,Commercial,Where are the best beer gardens in Bangalore? | Which Bangalore breweries have large outdoor seating? | Where can I drink craft beer outdoors in Bangalore?,2930
"Where to Get Ramen, Sushi and Craft Beer Under One Roof in Bangalore","Answers a food query BLR uniquely owns, then bridges to beer. Framed around Whitefield, the only outlet with a full Japanese kitchen serving ramen, sushi and tempura. Proof carried: food-beer parity, a moderately-spiced menu rule so beer stays tasteable, and pairing logic across Belgian Wheat, Hefeweizen and the signature Hazy IPA. Commercial through-line: intercepts high-volume Japanese and ramen demand in the Whitefield corridor and lands it on a single outlet page.",Locality guide,Commercial,Where can I get sushi and craft beer in the same place in Bangalore? | Best Japanese restaurant in Whitefield Bangalore? | Which Bangalore brewery has a proper ramen menu?,8900
How to Plan a Corporate Team Outing in Bangalore: A Venue Playbook,"A playbook, not a ranking. Works through the real variables an admin or HR lead decides on: group size, tech corridor, budget tier, lunch versus evening, buffet versus a la carte, section versus full buyout. Proof carried: 15 to 20 parties a week chain-wide, six outlets in or beside tech parks including Prestige Tech Park, RMZ Ecoworld and opposite Wipro Electronic City, tiered F&B packages with alcohol as an add-on, weekday corporate lunch buffets at Marathahalli and Bellandur. Commercial through-line: the highest-CPC intent cluster in the set and the lead-gen pair to the corporate hosting deck.",Buyer's guide,Commercial,Where should I plan a corporate team outing in Bangalore? | Best team outing venue near Prestige Tech Park for 50 people? | What should I look for in a corporate offsite venue in Bangalore?,1490
Where to Host a Large Company Party or Private Event in Bangalore: Inside Hamilton,"Sets out what a 50 to 1,000-guest private event actually needs (single-venue capacity, staging, level separation, programming) and positions Hamilton against the alternative of renting a bare luxury venue and building everything in. Proof carried: opera-themed cocktail bar and event venue at Whitefield across three levels, 300 to 400 covers with audiences up to 1,000, hackathons and ticketed concerts, full weddings on a buyout basis, ticketing through BookMyShow, District and Skillbox. Commercial through-line: banquet and wedding-reception intent at the highest CPCs in the roadmap.",Comparison anchor,Commercial,Where can I host a 200-person company party in Bangalore? | Corporate event venue in Bangalore that can handle staging and live music? | Is a brewery venue better than renting a banquet hall in Bangalore?,2340
The Best Places to Celebrate a Birthday in Bangalore,"Matches the birthday to the format: intimate dinner, large group, milestone or 50th, kids-and-family daytime, late-night with live music. Each type resolves to a specific outlet or to Hamilton rather than a generic recommendation. Proof carried: private celebrations across all six outlets, Hamilton for milestone and luxury events, bespoke table decor on request, live music at Hamilton (Karaoke Friday, Bombay Circuit Saturday) and Electronic City, membership birthday benefits, Kanakapura for daytime family birthdays. Commercial through-line: private-booking enquiries across the whole portfolio.",Hub listicle,Commercial,Where should I celebrate a birthday in Bangalore? | Birthday venue in Bangalore with live music? | Best place in Bangalore for a 50th birthday party?,3740
"Best Family-Friendly Breweries and Restaurants in Bangalore: Where Kids, Grandparents and Craft Beer Coexist","Defines what makes a brewery genuinely family-friendly (daytime dining, room to move, real non-drinker menu depth, a garden setting, not a loud bar) and uses Kanakapura Road as the worked answer. Proof carried: a one-acre site built around 50 to 60 mature trees, roughly 600 seats, koi pond, roughly 60 percent alfresco chain-wide, meaningful weekday lunch traffic, full non-drinker menu depth with Jain-on-request, allergen tagging and vegan options, a daytime jazz-pop playlist. Commercial through-line: opens the daytime and weekday-lunch occasion that a night-led bar cannot serve.",Buyer's guide,Commercial,Are there family-friendly breweries in Bangalore? | Where can I take kids and grandparents for lunch on Kanakapura Road? | Best restaurant in Bangalore for a family that includes non-drinkers?,4000
"Best Date-Night, Anniversary and Romantic Spots in Bangalore","Sets the criteria that actually make a date-night or anniversary venue work (setting, privacy, live music, a bespoke setup) and answers them with BLR's documented programming rather than a generic romantic claim. Proof carried: bespoke setups on request with flowers, guest-specified table colours and private dining arrangement, Valentine's programming including candlelight setups and grand piano live music, anniversaries and pre and post-engagement gatherings as documented occasions, koi ponds, waterfall and garden ambience, live music at Hamilton and Electronic City. Commercial through-line: a year-round occasion cluster that spikes hard in February.",Hub listicle,Commercial,Where should I take someone for a date night in Bangalore? | Romantic anniversary dinner spots in Bangalore with live music? | Can I arrange a private table setup for a proposal in Bangalore?,1950
What Makes Craft Beer Actually Craft: A Bangalore Brewmaster's Guide (Umang Nair),"A working brewmaster explains what separates craft from commercial, why core ingredients are imported, and how to pick your first craft beer. Authoritative, not promotional, and built as a beer-style glossary with per-style definition blocks. Proof carried: Umang Nair, Siebel-trained and one of very few Siebel-trained brewers in India, single brewmaster across six outlets, all malts, hops and yeast imported for the core range with regional ingredients on seasonals and collabs, Hazy IPA as signature, Bangalore's sweeter palate skew, monthly collabs, the petrichor experimental batch. Commercial through-line: the most citable format in the set, carrying Person schema and authority into every other piece.",FAQ (entity),Informational,What actually makes a beer craft beer? | Which craft beer should a first-timer order in Bangalore? | Who is the brewmaster behind BLR Brewing Co?,690
"Liquid Journey: A Cocktail Tour of India, One Region Per Glass","Explains the regional-India cocktail and mocktail programme, where each drink is named for a region and built on a native ingredient, presented as a tour of the country by glass with the non-alcoholic side given equal billing. Proof carried: the naming convention (Chikmagalur as filter coffee and bourbon, Ooty as carrot and gin, plus Mysore, Srinagar, Solapur and Cuddalore, and mocktails Nagpur, Coorg, Banaras and Prayagraj), the intent that a guest from any state finds their home region, in-house coffee roasting, and the forthcoming menu with a flavour matrix and home-state tags. Commercial through-line: establishes the Liquid Journey entity and seeds the later one-piece-per-drink series.",Hub listicle,Navigational,What is Liquid Journey at BLR Brewing Co? | Which Bangalore cocktail bar has drinks based on Indian regions? | Where in Bangalore can I get a serious non-alcoholic cocktail menu?,2890
